"city","lat","lng","country","iso2","iso3","admin_name","population","id"
Kabul,34.5253,69.1783,Afghanistan,AF,AFG,Kābul,4273156,1004993580
Tirana,41.3289,19.8178,Albania,AL,ALB,Tiranë,418495,1008162156
Algiers,36.7539,3.0589,Algeria,DZ,DZA,Alger,3415811,1012973369
Pago Pago,-14.274,-170.705,American Samoa,AS,ASM,"",12576,1016976740
Andorra la Vella,42.5,1.5,Andorra,AD,AND,Andorra la Vella,22615,1020828846
Cacuaco,-8.8053,13.2444,Angola,AO,AGO,Luanda,1279488,1024559448
Luanda,-8.8383,13.2344,Angola,AO,AGO,Luanda,9051000,1024949724
Saint John’s,17.1167,-61.85,Antigua and Barbuda,AG,ATG,Saint John,22219,1028912067
Baku,40.3667,49.8352,Azerbaijan,AZ,AZE,Bakı,2300500,1031946365
Rosario,-32.9575,-60.6394,Argentina,AR,ARG,Santa Fe,1276000,1032770677
Córdoba,-31.4167,-64.1833,Argentina,AR,ARG,Córdoba,1565112,1032803249
Sydney,-33.8678,151.21,Australia,AU,AUS,New South Wales,4840600,1036074917
Canberra,-35.2931,149.127,Australia,AU,AUS,Australian Capital Territory,381488,1036142029
Perth,-31.9559,115.861,Australia,AU,AUS,Western Australia,2141834,1036178956
Brisbane,-27.4678,153.028,Australia,AU,AUS,Queensland,2360241,1036192929
Melbourne,-37.8142,144.963,Australia,AU,AUS,Victoria,4529500,1036533631
Adelaide,-34.9275,138.6,Australia,AU,AUS,South Australia,1295714,1036538171
Vienna,48.2083,16.3725,Austria,AT,AUT,Wien,1973403,1040261752
Nassau,25.0781,-77.3386,The Bahamas,BS,BHS,"",274400,1044318561
Manama,26.225,50.5775,Bahrain,BH,BHR,Al ‘Āşimah,436000,1048989486
Rangapukur,25.56,89.25,Bangladesh,BD,BGD,Rangpur,1031388,1050032005
Nārāyanganj,23.62,90.5,Bangladesh,BD,BGD,Dhaka,1572386,1050424421
Gāzipura,23.9889,90.375,Bangladesh,BD,BGD,Dhaka,1199215,1050449249
Dhaka,23.7639,90.3889,Bangladesh,BD,BGD,Dhaka,18627000,1050529279
Khulna,22.8167,89.55,Bangladesh,BD,BGD,Khulna,1400689,1050667339
Chattogram,22.335,91.8325,Bangladesh,BD,BGD,Chattogram,7000000,1050830722
Yerevan,40.1814,44.5144,Armenia,AM,ARM,Yerevan,1075800,1051074169
Bridgetown,13.0975,-59.6167,Barbados,BB,BRB,Saint Michael,110000,1052274244
Brussels,50.8467,4.3525,Belgium,BE,BEL,Brussels-Capital Region,1743000,1056469830
Hamilton,32.2942,-64.7839,Bermuda,BM,BMU,Hamilton,854,1060000000
Thimphu,27.4722,89.6361,Bhutan,BT,BTN,Thimphu,104000,1064010361
La Paz,-16.5,-68.15,Bolivia,BO,BOL,La Paz,2867504,1068000064
Santa Cruz,-17.7892,-63.1975,Bolivia,BO,BOL,Santa Cruz,3151676,1068129363
Sucre,-19.0475,-65.26,Bolivia,BO,BOL,Chuquisaca,300000,1068823873
Gaborone,-24.6581,25.9122,Botswana,BW,BWA,Gaborone,231626,1072756768
Santos,-23.9369,-46.325,Brazil,BR,BRA,São Paulo,1897551,1076033299
Goiânia,-16.6667,-49.25,Brazil,BR,BRA,Goiás,1393575,1076034054
Recife,-8.05,-34.9,Brazil,BR,BRA,Pernambuco,1653461,1076137337
Brasília,-15.7939,-47.8828,Brazil,BR,BRA,Distrito Federal,3039444,1076144436
Campinas,-22.9058,-47.0608,Brazil,BR,BRA,São Paulo,1213792,1076145766
Maceió,-9.6658,-35.735,Brazil,BR,BRA,Alagoas,1025360,1076440479
São Gonçalo,-22.8269,-43.0539,Brazil,BR,BRA,Rio de Janeiro,1077687,1076485783
São Paulo,-23.55,-46.6333,Brazil,BR,BRA,São Paulo,23086000,1076532519
Fortaleza,-3.7275,-38.5275,Brazil,BR,BRA,Ceará,2452185,1076567885
Vila Velha,3.2167,-51.2167,Brazil,BR,BRA,Amapá,1209091,1076575691
Manaus,-3.1,-60.0167,Brazil,BR,BRA,Amazonas,2219580,1076607274
Belém,-1.4558,-48.5039,Brazil,BR,BRA,Pará,1499641,1076646823
Porto Alegre,-30.0331,-51.23,Brazil,BR,BRA,Rio Grande do Sul,1484941,1076658221
Curitiba,-25.4297,-49.2711,Brazil,BR,BRA,Paraná,1879355,1076701712
Guarulhos,-23.4628,-46.5328,Brazil,BR,BRA,São Paulo,1324781,1076730420
São Luís,-2.5283,-44.3044,Brazil,BR,BRA,Maranhão,1108975,1076819308
Rio de Janeiro,-22.9111,-43.2056,Brazil,BR,BRA,Rio de Janeiro,12592000,1076887657
Salvador,-12.9747,-38.4767,Brazil,BR,BRA,Bahia,2886698,1076923789
Belo Horizonte,-19.9167,-43.9333,Brazil,BR,BRA,Minas Gerais,5328000,1076967355
Belmopan,17.2514,-88.7669,Belize,BZ,BLZ,Cayo,17222,1084586375
Honiara,-9.4319,159.956,Solomon Islands,SB,SLB,Honiara,84520,1090737486
Road Town,18.4167,-64.6167,British Virgin Islands,VG,VGB,"",12603,1092732412
Bandar Seri Begawan,4.8903,114.942,Brunei,BN,BRN,Brunei dan Muara,50000,1096465895
Sofia,42.7,23.33,Bulgaria,BG,BGR,Sofia-Grad,1547779,1100762037
Mandalay,21.9831,96.0844,Myanmar,MM,MMR,Mandalay,1319452,1104468217
Rangoon,16.795,96.16,Myanmar,MM,MMR,Yangon,5209541,1104616656
Nay Pyi Taw,19.7475,96.115,Myanmar,MM,MMR,Nay Pyi Taw,1160242,1104838105
Bujumbura,-3.3833,29.3667,Burundi,BI,BDI,Bujumbura Mairie,1075000,1108101689
Gitega,-3.4283,29.925,Burundi,BI,BDI,Gitega,135467,1108778000
Minsk,53.9,27.5667,Belarus,BY,BLR,Minsk,2009786,1112348503
Phnom Penh,11.5694,104.921,Cambodia,KH,KHM,Phnom Penh,2129371,1116260534
Yaoundé,3.8667,11.5167,Cameroon,CM,CMR,Centre,2440462,1120298240
Bafoussam,5.4667,10.4167,Cameroon,CM,CMR,Ouest,1146000,1120435460
Douala,4.05,9.7,Cameroon,CM,CMR,Littoral,5768400,1120494607
Bamenda,5.9614,10.1517,Cameroon,CM,CMR,North-West,2000000,1120909610
Halifax,44.6475,-63.5906,Canada,CA,CAN,Nova Scotia,403131,1124130981
Victoria,48.4283,-123.365,Canada,CA,CAN,British Columbia,335696,1124147219
Kitchener,43.4186,-80.4728,Canada,CA,CAN,Ontario,470015,1124158530
Winnipeg,49.8844,-97.1464,Canada,CA,CAN,Manitoba,705244,1124224963
Toronto,43.7417,-79.3733,Canada,CA,CAN,Ontario,5429524,1124279679
Edmonton,53.5344,-113.49,Canada,CA,CAN,Alberta,1062643,1124290735
Ottawa,45.4247,-75.695,Canada,CA,CAN,Ontario,989567,1124399363
Montréal,45.5089,-73.5617,Canada,CA,CAN,Quebec,3519595,1124586170
Calgary,51.05,-114.067,Canada,CA,CAN,Alberta,1239220,1124690423
Quebec City,46.8139,-71.2081,Canada,CA,CAN,Quebec,705103,1124823933
Vancouver,49.25,-123.1,Canada,CA,CAN,British Columbia,2264823,1124825478
Praia,14.918,-23.509,Cabo Verde,CV,CPV,Praia,127832,1132398770
George Town,19.2866,-81.3744,Cayman Islands,KY,CYM,"",27704,1136159124
Bangui,4.3733,18.5628,Central African Republic,CF,CAF,Bangui,889231,1140080881
Sri Jayewardenepura Kotte,6.9108,79.8878,Sri Lanka,LK,LKA,Western,115826,1144239330
Colombo,6.9344,79.8428,Sri Lanka,LK,LKA,Western,2323826,1144251314
N’Djamena,12.11,15.05,Chad,TD,TCD,N’Djamena,1092066,1148708596
Santiago,-33.4372,-70.6506,Chile,CL,CHL,Región Metropolitana,7171000,1152554349
Xiaoganzhan,30.9273,113.911,China,CN,CHN,Hubei,4921000,1156002290
Liaocheng,36.45,115.983,China,CN,CHN,Shandong,5952128,1156006600
Loudi,27.7378,111.997,China,CN,CHN,Hunan,3931800,1156010654
Longyan,25.0881,117.024,China,CN,CHN,Fujian,2723637,1156012979
Bijie,27.3019,105.286,China,CN,CHN,Guizhou,6899636,1156018927
Wuxi,31.5667,120.283,China,CN,CHN,Jiangsu,3245179,1156019650
Zigong,29.3498,104.765,China,CN,CHN,Sichuan,2678899,1156023354
Sanzhou,30.82,108.4,China,CN,CHN,Chongqing,1680000,1156025536
Suzhou,31.3,120.619,China,CN,CHN,Jiangsu,4330000,1156029196
Qinbaling,35.7278,107.64,China,CN,CHN,Gansu,2211191,1156032582
Baotou,40.6562,109.835,China,CN,CHN,Inner Mongolia,2709378,1156032751
Rizhao,35.4164,119.433,China,CN,CHN,Shandong,2968365,1156032841
Jiangyin,31.9087,120.265,China,CN,CHN,Jiangsu,1285785,1156033234
Xinpu,34.5906,119.18,China,CN,CHN,Jiangsu,4599360,1156035381
Chuzhou,32.3062,118.312,China,CN,CHN,Anhui,3987054,1156036420
Jingdezhen,29.2942,117.204,China,CN,CHN,Jiangxi,1673200,1156038165
Zhuzhou,27.8407,113.147,China,CN,CHN,Hunan,4020800,1156041962
Lincang,23.8864,100.087,China,CN,CHN,Yunnan,2536000,1156044130
Nantong,31.9829,120.887,China,CN,CHN,Jiangsu,2261382,1156045365
Lianshan,40.7523,120.828,China,CN,CHN,Liaoning,2426000,1156046704
Xushan,30.1697,121.267,China,CN,CHN,Zhejiang,1502000,1156046916
Ürümqi,43.8225,87.6125,China,CN,CHN,Xinjiang,4335017,1156051276
Shuyangzha,34.1299,118.773,China,CN,CHN,Jiangsu,1770000,1156051957
Wenling,28.3797,121.372,China,CN,CHN,Zhejiang,1416199,1156052493
Haicheng,40.8523,122.747,China,CN,CHN,Liaoning,1293877,1156052713
Yunfu,22.9242,112.035,China,CN,CHN,Guangdong,2526900,1156057251
Leiyang,26.4179,112.846,China,CN,CHN,Hunan,1151554,1156057789
Changzhi,36.1953,113.097,China,CN,CHN,Shanxi,3334565,1156057944
Jingling,30.6667,113.167,China,CN,CHN,Hubei,1247400,1156060544
Siping,43.1715,124.364,China,CN,CHN,Jilin,3385156,1156063295
Pingxiang,27.6333,113.85,China,CN,CHN,Jiangxi,1933200,1156066465
Luoyang,34.6587,112.424,China,CN,CHN,Henan,2372571,1156069315
Zhangjiajie,29.1255,110.484,China,CN,CHN,Hunan,1537900,1156072884
Shanghai,31.1667,121.467,China,CN,CHN,Shanghai,24073000,1156073548
Yiwu,29.3081,120.07,China,CN,CHN,Zhejiang,1234015,1156078044
Changchun,43.9,125.2,China,CN,CHN,Jilin,4408154,1156078103
Xiashi,30.5333,120.683,China,CN,CHN,Zhejiang,1076199,1156080077
Xining,36.6239,101.779,China,CN,CHN,Qinghai,2467965,1156081448
Guangyuan,32.4353,105.84,China,CN,CHN,Sichuan,2484122,1156084562
Linyi,35.1041,118.35,China,CN,CHN,Shandong,11018365,1156086320
Tieling,42.2841,123.837,China,CN,CHN,Liaoning,2717732,1156089994
Qinhuangdao,39.9398,119.588,China,CN,CHN,Hebei,3146300,1156091093
Shangzhou,33.868,109.924,China,CN,CHN,Shaanxi,2341742,1156091241
Tai’an,36.2001,117.081,China,CN,CHN,Shandong,5494207,1156095188
Benxi,41.292,123.761,China,CN,CHN,Liaoning,1709538,1156097909
Baojishi,34.3609,107.175,China,CN,CHN,Shaanxi,3738700,1156101096
Rongcheng,29.8239,112.902,China,CN,CHN,Hubei,1162770,1156102432
Qincheng,34.5809,105.731,China,CN,CHN,Gansu,3262549,1156104017
Jiangmen,22.5833,113.083,China,CN,CHN,Guangdong,4630300,1156105613
Kuaidamao,41.7302,125.947,China,CN,CHN,Jilin,2324439,1156106507
Qinzhou,21.95,108.617,China,CN,CHN,Guangxi,3304400,1156106602
Xiangyang,32.0654,112.153,China,CN,CHN,Hubei,5680000,1156107325
Yibin,28.7596,104.64,China,CN,CHN,Sichuan,4588804,1156107603
Langfang,39.5196,116.701,China,CN,CHN,Hebei,5464087,1156109017
Qingdao,36.1167,120.4,China,CN,CHN,Shandong,5818255,1156112588
Pizhou,34.3422,118.01,China,CN,CHN,Jiangsu,1458038,1156114238
Hebi,35.7497,114.289,China,CN,CHN,Henan,1569208,1156114258
Wuhan,30.5872,114.288,China,CN,CHN,Hubei,10251000,1156117184
Taizhou,32.4831,119.9,China,CN,CHN,Jiangsu,5031000,1156119229
Xianyang,34.35,108.717,China,CN,CHN,Shaanxi,5096001,1156120117
Rongcheng,26.2312,104.097,China,CN,CHN,Yunnan,1302891,1156122888
Yangjiang,21.8556,111.963,China,CN,CHN,Guangdong,2555600,1156123172
Deyang,31.1289,104.395,China,CN,CHN,Sichuan,3877000,1156127147
Nangandao,35.2992,113.885,China,CN,CHN,Henan,5708191,1156127660
Chizhou,30.6583,117.485,China,CN,CHN,Anhui,1402518,1156131504
Qingyuan,23.6842,113.051,China,CN,CHN,Guangdong,3969473,1156135890
Beidao,34.602,105.918,China,CN,CHN,Gansu,1225000,1156137209
Xinyu,27.795,114.924,China,CN,CHN,Jiangxi,1202499,1156138735
Wuzhong,37.9874,106.192,China,CN,CHN,Ningxia,1382713,1156139322
Baiyin,36.5448,104.177,China,CN,CHN,Gansu,1708751,1156140738
Fuxin,42.0127,121.649,China,CN,CHN,Liaoning,1819339,1156141954
Huaibei,33.9562,116.789,China,CN,CHN,Anhui,2114276,1156142626
Hanchuan,30.652,113.827,China,CN,CHN,Hubei,1092700,1156149248
Xishan,27.6609,113.495,China,CN,CHN,Hunan,1060000,1156155575
Pingdu,36.7833,119.956,China,CN,CHN,Shandong,1378900,1156157078
Jinzhou,41.1144,121.129,China,CN,CHN,Liaoning,3126463,1156157151
Yangquan,37.8576,113.576,China,CN,CHN,Shanxi,1368502,1156157844
Jiaozuo,35.229,113.23,China,CN,CHN,Henan,3590700,1156157854
Shenzhen,22.535,114.054,China,CN,CHN,Guangdong,17619000,1156158707
Jincheng,35.4906,112.848,China,CN,CHN,Shanxi,2279146,1156163376
Guiping,23.4,110.083,China,CN,CHN,Guangxi,1511011,1156165517
Hechi,24.6928,108.085,China,CN,CHN,Guangxi,3545700,1156167204
Zhaoqing,23.05,112.467,China,CN,CHN,Guangdong,4151700,1156170144
Ningbo,29.875,121.549,China,CN,CHN,Zhejiang,4087523,1156170787
Ximeicun,24.9633,118.381,China,CN,CHN,Fujian,1508000,1156173813
Tianjin,39.1467,117.206,China,CN,CHN,Tianjin,10368000,1156174046
Dalian,38.9,121.6,China,CN,CHN,Liaoning,5871474,1156175472
Dandong,40.1167,124.383,China,CN,CHN,Liaoning,2444697,1156178316
Zhangye,38.9355,100.455,China,CN,CHN,Gansu,1199515,1156180353
Wutong,30.6326,120.547,China,CN,CHN,Zhejiang,1029754,1156182309
Zhengzhou,34.7492,113.66,China,CN,CHN,Henan,5621593,1156183137
Haikou,20.02,110.32,China,CN,CHN,Hainan,2873358,1156183327
Zhumadian,32.9773,114.025,China,CN,CHN,Henan,7231234,1156184822
Meishan,30.0575,103.838,China,CN,CHN,Sichuan,2950545,1156185501
Changzhou,31.8122,119.969,China,CN,CHN,Jiangsu,3601079,1156185511
Fuzhou,26.0769,119.292,China,CN,CHN,Fujian,3671192,1156188037
Wenzhou,27.9991,120.656,China,CN,CHN,Zhejiang,3604446,1156188829
Nanyang,32.9987,112.529,China,CN,CHN,Henan,10013600,1156192287
Xiangtan,27.8431,112.923,China,CN,CHN,Hunan,2864800,1156195684
Zaoyang,32.1287,112.758,China,CN,CHN,Hubei,1004741,1156197076
Huanglongsi,34.795,114.345,China,CN,CHN,Henan,4824016,1156198356
Nanchang,28.6842,115.887,China,CN,CHN,Jiangxi,3576547,1156198892
Huanggang,30.45,114.875,China,CN,CHN,Hubei,6333000,1156200037
Lingcheng,22.7,110.35,China,CN,CHN,Guangxi,1211637,1156202191
Liaoyang,41.2643,123.177,China,CN,CHN,Liaoning,1858768,1156202749
Yangshe,31.8775,120.551,China,CN,CHN,Jiangsu,1432044,1156203000
Leshan,29.5854,103.757,China,CN,CHN,Sichuan,3235759,1156203130
Huizhou,23.1115,114.415,China,CN,CHN,Guangdong,2509243,1156203268
Jiujiang,29.7048,116.002,China,CN,CHN,Jiangxi,4896800,1156206041
Laiwu,36.1833,117.667,China,CN,CHN,Shandong,1248636,1156207332
Hohhot,40.8151,111.663,China,CN,CHN,Inner Mongolia,3446100,1156210167
Suqian,33.9331,118.283,China,CN,CHN,Jiangsu,4986192,1156212349
Xiamen,24.4797,118.082,China,CN,CHN,Fujian,3707090,1156212809
Pingliang,35.5412,106.682,China,CN,CHN,Gansu,2068033,1156216904
Xiantao,30.3833,113.4,China,CN,CHN,Hubei,1140100,1156216927
Yanjiang,30.1256,104.64,China,CN,CHN,Sichuan,2593843,1156217114
Shijiazhuang,38.0422,114.509,China,CN,CHN,Hebei,4098243,1156217541
Yiyang,28.5833,112.333,China,CN,CHN,Hunan,4413800,1156218615
Yuyao,30.0372,121.155,China,CN,CHN,Zhejiang,1095000,1156221984
Heze,35.2333,115.433,China,CN,CHN,Shandong,8795939,1156225008
Shuozhou,39.3408,112.429,China,CN,CHN,Shanxi,1714857,1156227167
Beijing,39.904,116.408,China,CN,CHN,Beijing,18522000,1156228865
Yichun,27.8041,114.383,China,CN,CHN,Jiangxi,5573200,1156229590
Huangshi,30.2018,115.033,China,CN,CHN,Hubei,2471700,1156234290
Guilin,25.2819,110.286,China,CN,CHN,Guangxi,5085500,1156235364
Suihua,46.6384,126.981,China,CN,CHN,Heilongjiang,5418153,1156235493
Jiangguanchi,34.0244,113.82,China,CN,CHN,Henan,4379998,1156235735
Guangzhou,23.13,113.26,China,CN,CHN,Guangdong,26940000,1156237133
Anqing,30.5,117.033,China,CN,CHN,Anhui,4723000,1156238875
Harbin,45.75,126.633,China,CN,CHN,Heilongjiang,3830000,1156241528
Zhangzhou,24.5093,117.661,China,CN,CHN,Fujian,5140000,1156241637
Tongshan,34.261,117.186,China,CN,CHN,Jiangsu,9083790,1156241678
Xi’an,34.2667,108.9,China,CN,CHN,Shaanxi,12328000,1156244079
Yushan,31.3867,120.977,China,CN,CHN,Jiangsu,2092496,1156245000
Shuangyashan,46.6388,131.154,China,CN,CHN,Heilongjiang,1462626,1156245904
Fuyang,32.8986,115.804,China,CN,CHN,Anhui,8200264,1156248008
Guankou,28.1417,113.625,China,CN,CHN,Hunan,1168056,1156249346
Mudanjiang,44.5861,129.6,China,CN,CHN,Heilongjiang,2798723,1156249698
Liaoyuan,42.8976,125.138,China,CN,CHN,Jilin,1176239,1156249772
Xingyi,25.091,104.901,China,CN,CHN,Guizhou,1004132,1156255316
Ankang,32.6877,109.023,China,CN,CHN,Shaanxi,2629906,1156255711
Baoding,38.8671,115.484,China,CN,CHN,Hebei,11860000,1156256829
Yingkou,40.6653,122.23,China,CN,CHN,Liaoning,2428534,1156257074
Jieyang,23.5533,116.365,China,CN,CHN,Guangdong,6089400,1156260378
Wusong,30.9333,117.767,China,CN,CHN,Anhui,1311726,1156264408
Bazhou,31.8576,106.756,China,CN,CHN,Sichuan,3283148,1156271365
Zhoukou,33.625,114.642,China,CN,CHN,Henan,9026015,1156272098
Qingyang,24.8141,118.579,China,CN,CHN,Fujian,2111000,1156273372
Xinyang,32.1264,114.067,China,CN,CHN,Henan,6234401,1156273453
Hangzhou,30.25,120.168,China,CN,CHN,Zhejiang,9523000,1156275243
Chifeng,42.2663,118.922,China,CN,CHN,Inner Mongolia,4341245,1156277458
Ji’an,27.1172,114.979,China,CN,CHN,Jiangxi,4956600,1156278215
Lanzhou,36.0617,103.832,China,CN,CHN,Gansu,3067141,1156280566
Yulinshi,38.2655,109.739,China,CN,CHN,Shaanxi,3634750,1156280672
Huazhou,21.654,110.629,China,CN,CHN,Guangdong,1302100,1156282637
Chenzhou,25.7989,113.027,China,CN,CHN,Hunan,4744500,1156291915
Yicheng,31.3697,119.824,China,CN,CHN,Jiangsu,1285785,1156292419
Sanming,26.2658,117.63,China,CN,CHN,Fujian,2580000,1156294429
Xingtai,37.0659,114.475,China,CN,CHN,Hebei,7111106,1156294952
Yingtan,28.2333,117.0,China,CN,CHN,Jiangxi,1175000,1156301061
Shenyang,41.8025,123.428,China,CN,CHN,Liaoning,7964000,1156309382
Shaoyang,27.2418,111.473,China,CN,CHN,Hunan,7370500,1156310366
Wuhu,31.334,118.362,China,CN,CHN,Anhui,3842100,1156315512
Taizhou,28.6583,121.422,China,CN,CHN,Zhejiang,2162461,1156322307
Rucheng,32.3852,120.563,China,CN,CHN,Jiangsu,1267066,1156323529
Yushu,44.8249,126.545,China,CN,CHN,Jilin,1304436,1156326773
Xiangshui,26.5964,104.831,China,CN,CHN,Guizhou,1221000,1156328867
Luohe,33.583,114.011,China,CN,CHN,Henan,2544266,1156330876
Taixing,32.1724,120.014,China,CN,CHN,Jiangsu,1073921,1156331200
Hefei,31.8639,117.281,China,CN,CHN,Anhui,4216940,1156332710
Huzhou,30.8925,120.088,China,CN,CHN,Zhejiang,1558826,1156335543
Heihe,50.2458,127.489,China,CN,CHN,Heilongjiang,1673899,1156339225
Jiamusi,46.8081,130.365,China,CN,CHN,Heilongjiang,2552097,1156350864
Huaihua,27.5494,109.959,China,CN,CHN,Hunan,4979600,1156353465
Bozhou,33.8626,115.774,China,CN,CHN,Anhui,4996844,1156356860
Tongliao,43.6172,122.264,China,CN,CHN,Inner Mongolia,3139153,1156358686
Yinchuan,38.4795,106.225,China,CN,CHN,Ningxia,1901793,1156359072
Liuzhou,24.3264,109.428,China,CN,CHN,Guangxi,4157934,1156360785
Meizhou,24.2998,116.119,China,CN,CHN,Guangdong,4378800,1156361028
Liangshi,27.2578,111.735,China,CN,CHN,Hunan,1335900,1156366507
Sanya,18.2533,109.504,China,CN,CHN,Hainan,1031396,1156373900
Guang’an,30.4673,106.634,China,CN,CHN,Sichuan,3205476,1156377302
Zibo,36.7831,118.05,China,CN,CHN,Shandong,2631647,1156381094
Hanzhong,33.0794,107.026,China,CN,CHN,Shaanxi,3416196,1156382678
Shiyan,32.6351,110.775,China,CN,CHN,Hubei,3398000,1156383921
Jixi,45.2937,130.965,China,CN,CHN,Heilongjiang,1862165,1156393765
Daqing,46.5979,125.008,China,CN,CHN,Heilongjiang,2904532,1156403962
Shangrao,28.4419,117.963,China,CN,CHN,Jiangxi,6810700,1156405492
Ezhou,30.3972,114.884,China,CN,CHN,Hubei,1079353,1156414637
Anshun,26.2456,105.934,China,CN,CHN,Guizhou,2353100,1156415948
Linfen,36.0812,111.509,China,CN,CHN,Shanxi,4316610,1156416074
Mianyang,31.4669,104.739,China,CN,CHN,Sichuan,4868243,1156417758
Beihai,21.4667,109.1,China,CN,CHN,Guangxi,1853227,1156421449
Chengdu,30.66,104.063,China,CN,CHN,Sichuan,14645000,1156421555
Xuanzhou,30.9475,118.752,China,CN,CHN,Anhui,2532938,1156424311
Puyang,35.7639,115.03,China,CN,CHN,Henan,3598740,1156431924
Baicheng,45.6148,122.832,China,CN,CHN,Jilin,2032356,1156435764
Chongzuo,22.4167,107.367,China,CN,CHN,Guangxi,2099400,1156438670
Bengbu,32.9354,117.353,China,CN,CHN,Anhui,3296408,1156440668
Kaiyuan,36.0656,113.815,China,CN,CHN,Henan,1160000,1156441554
Changde,29.0397,111.684,China,CN,CHN,Hunan,5827200,1156449091
Linhai,28.8523,121.141,China,CN,CHN,Zhejiang,1028813,1156451663
Shantou,23.3735,116.694,China,CN,CHN,Guangdong,4312192,1156457499
Hezhou,24.4164,111.548,China,CN,CHN,Guangxi,2072600,1156459799
Shuizhai,33.4433,114.899,China,CN,CHN,Henan,1003698,1156462734
Weihai,37.5,122.1,China,CN,CHN,Shandong,2906548,1156473300
Wafangdian,39.6271,121.997,China,CN,CHN,Liaoning,1024876,1156476417
Kunming,25.0433,102.706,China,CN,CHN,Yunnan,4422686,1156477539
Dongguan,23.0475,113.749,China,CN,CHN,Guangdong,10646000,1156478242
Lianyuan,27.6961,111.666,China,CN,CHN,Hunan,1162928,1156490109
Jiaxing,30.7522,120.75,China,CN,CHN,Zhejiang,1518654,1156491661
Lu’an,31.7542,116.508,China,CN,CHN,Anhui,5611701,1156499624
Zhanjiang,21.1967,110.403,China,CN,CHN,Guangdong,7332000,1156502170
Zhuji,29.7169,120.231,China,CN,CHN,Zhejiang,1157938,1156504227
Jining,35.4,116.567,China,CN,CHN,Shandong,8357897,1156504601
Neijiang,29.5872,105.063,China,CN,CHN,Sichuan,3702847,1156516335
Dingxi,35.5806,104.626,China,CN,CHN,Gansu,2698624,1156518274
Gaoping,30.7824,106.128,China,CN,CHN,Sichuan,2174000,1156522457
Zhufeng,36.0,119.417,China,CN,CHN,Shandong,1081960,1156522825
Dezhou,37.4513,116.311,China,CN,CHN,Shandong,5611194,1156524080
Huangshan,29.7132,118.315,China,CN,CHN,Anhui,1358980,1156527426
Sanmenxia,34.7736,111.195,China,CN,CHN,Henan,2234018,1156529682
Fangchenggang,21.6,108.3,China,CN,CHN,Guangxi,1046068,1156532454
Zunyi,27.705,106.934,China,CN,CHN,Guizhou,6606675,1156539782
Hegang,47.3139,130.277,China,CN,CHN,Heilongjiang,1058665,1156541759
Jianguang,28.1958,115.783,China,CN,CHN,Jiangxi,1507402,1156545200
Yan’an,36.5952,109.486,China,CN,CHN,Shaanxi,2282581,1156546342
Baoshan,25.1211,99.169,China,CN,CHN,Yunnan,2627000,1156546994
Jinhua,29.1046,119.649,China,CN,CHN,Zhejiang,1463990,1156547188
Chaozhou,23.67,116.63,China,CN,CHN,Guangdong,2656600,1156549118
Binzhou,37.3806,118.012,China,CN,CHN,Shandong,3928568,1156564962
Maoming,21.6618,110.918,China,CN,CHN,Guangdong,6313200,1156568722
Zhongshan,22.5333,113.35,China,CN,CHN,Guangdong,2909633,1156579621
Huludao,40.7094,120.838,China,CN,CHN,Liaoning,2623541,1156580218
Luzhou,28.8918,105.441,China,CN,CHN,Sichuan,4218427,1156582079
Yutan,28.3147,112.554,China,CN,CHN,Hunan,1368117,1156592042
Nanning,22.8192,108.315,China,CN,CHN,Guangxi,3837978,1156605439
Shaoguan,24.8011,113.593,China,CN,CHN,Guangdong,2997600,1156617066
Xinzhou,38.4178,112.723,China,CN,CHN,Shanxi,3067501,1156617534
Wuzhou,23.4833,111.317,China,CN,CHN,Guangxi,3061100,1156620133
Zhongxiang,31.169,112.585,China,CN,CHN,Hubei,1022514,1156631720
Taiyuan,37.8733,112.543,China,CN,CHN,Shanxi,3875053,1156632014
Longba,33.535,105.349,China,CN,CHN,Gansu,2567718,1156633259
Huai’an,33.5058,119.139,China,CN,CHN,Jiangsu,2632788,1156634228
Nanjing,32.0608,118.779,China,CN,CHN,Jiangsu,8422000,1156644065
Pudong,31.2231,121.54,China,CN,CHN,Shanghai,5681512,1156644508
Jilin,43.8519,126.548,China,CN,CHN,Jilin,2396000,1156646448
Suining,30.5098,105.574,China,CN,CHN,Sichuan,3252619,1156655650
Dingzhou,38.5158,114.984,China,CN,CHN,Hebei,1165182,1156656582
Huaiyin,33.5819,119.028,China,CN,CHN,Jiangsu,1264000,1156662372
Heyuan,23.7503,114.692,China,CN,CHN,Guangdong,3093900,1156665165
Shaoyang,32.9387,119.84,China,CN,CHN,Jiangsu,1253548,1156668366
Shengli,37.45,118.467,China,CN,CHN,Shandong,2193518,1156672254
Gulou,26.0865,119.298,China,CN,CHN,Fujian,2606000,1156680279
Yuxi,24.3495,102.543,China,CN,CHN,Yunnan,2386000,1156682309
Yongzhou,26.4515,111.595,China,CN,CHN,Hunan,5452100,1156694479
Gongzhuling,43.5036,124.809,China,CN,CHN,Jilin,1092692,1156696810
Hengyang,26.8968,112.586,China,CN,CHN,Hunan,7243400,1156696884
Cangzhou,38.3037,116.845,China,CN,CHN,Hebei,7544300,1156698069
Yuncheng,35.0304,110.998,China,CN,CHN,Shanxi,5134779,1156705644
Chaoyang,41.5757,120.449,China,CN,CHN,Liaoning,3044641,1156706927
Zhuhai,22.2769,113.568,China,CN,CHN,Guangdong,2439585,1156722242
Pingdingshan,33.735,113.3,China,CN,CHN,Henan,4904701,1156735124
Foshan,23.0292,113.106,China,CN,CHN,Guangdong,9498863,1156738403
Qujing,25.5102,103.803,China,CN,CHN,Yunnan,6155400,1156747998
Yingchuan,34.1511,113.473,China,CN,CHN,Henan,1131896,1156748426
Puning,23.2993,116.159,China,CN,CHN,Guangdong,2118200,1156756494
Yichun,47.7235,128.889,China,CN,CHN,Heilongjiang,1148126,1156757274
Wuwei,37.9278,102.633,China,CN,CHN,Gansu,1815059,1156760291
Xintai,35.91,117.78,China,CN,CHN,Shandong,1315942,1156761230
Nanchong,30.7991,106.078,China,CN,CHN,Sichuan,6278614,1156762337
Xiaoxita,30.7083,111.28,China,CN,CHN,Hubei,4137900,1156764447
Qiqihar,47.3398,123.951,China,CN,CHN,Heilongjiang,5367003,1156775905
Gaozhou,21.9135,110.848,China,CN,CHN,Guangdong,1414100,1156785303
Shouguang,36.8833,118.733,China,CN,CHN,Shandong,1039205,1156787809
Zaozhuang,34.8667,117.55,China,CN,CHN,Shandong,3729140,1156796454
Huazhou,32.6832,112.079,China,CN,CHN,Henan,1468061,1156796734
Zhangjiakou,40.8108,114.881,China,CN,CHN,Hebei,4345485,1156800221
Hengshui,37.7348,115.686,China,CN,CHN,Hebei,4472000,1156803028
Tongren,27.7233,109.188,China,CN,CHN,Guizhou,3168800,1156803442
Shangqiu,34.4259,115.647,China,CN,CHN,Henan,7816831,1156805441
Putian,25.4394,119.01,China,CN,CHN,Fujian,3210714,1156811601
Yucheng,29.9888,103.001,China,CN,CHN,Sichuan,1507258,1156817119
Guyuan,36.008,106.278,China,CN,CHN,Ningxia,1426000,1156817541
Yangzhou,32.3912,119.436,China,CN,CHN,Jiangsu,4559797,1156818601
Dayan,26.8808,100.221,China,CN,CHN,Yunnan,1296000,1156828380
Quanzhou,24.9139,118.586,China,CN,CHN,Fujian,8782285,1156829655
Ganzhou,25.8292,114.934,China,CN,CHN,Jiangxi,8970014,1156832475
Dazhou,31.2152,107.495,China,CN,CHN,Sichuan,5468097,1156834076
Yongcheng,33.9317,116.446,China,CN,CHN,Henan,1240382,1156841802
Ma’anshan,31.6858,118.51,China,CN,CHN,Anhui,2202899,1156847452
Fushun,41.8708,123.892,China,CN,CHN,Liaoning,2024000,1156857743
Lishui,28.45,119.917,China,CN,CHN,Zhejiang,2507396,1156858793
Leizhou,20.9147,110.081,China,CN,CHN,Guangdong,1494700,1156863840
Suzhou,33.6333,116.968,China,CN,CHN,Anhui,5352924,1156871297
Huainan,32.4831,117.016,China,CN,CHN,Anhui,2333896,1156877299
Chengtangcun,35.0833,117.15,China,CN,CHN,Shandong,1603659,1156883901
Shaoxing,30.0,120.583,China,CN,CHN,Zhejiang,2521964,1156893449
Fuqing,25.7232,119.373,China,CN,CHN,Fujian,1390487,1156893569
Guigang,23.0961,109.609,China,CN,CHN,Guangxi,4409200,1156895251
Xiping,40.082,113.298,China,CN,CHN,Shanxi,1873000,1156898522
Yulin,22.6293,110.151,China,CN,CHN,Guangxi,5849700,1156901312
Dadukou,26.5849,101.715,China,CN,CHN,Sichuan,1214121,1156901342
Changshu,31.65,120.733,China,CN,CHN,Jiangsu,1677050,1156901538
Anshan,41.1066,122.99,China,CN,CHN,Liaoning,3645884,1156901825
Weinan,34.4996,109.468,China,CN,CHN,Shaanxi,5286077,1156903687
Tangshan,39.6292,118.174,China,CN,CHN,Hebei,3399231,1156904299
Ningde,26.6617,119.523,China,CN,CHN,Fujian,2910000,1156909802
Weifang,36.7167,119.1,China,CN,CHN,Shandong,2636154,1156912965
Fuzhou,27.9814,116.358,China,CN,CHN,Jiangxi,4047200,1156915325
Zhaotong,27.3328,103.714,China,CN,CHN,Yunnan,5591000,1156924687
Laibin,23.7333,109.233,China,CN,CHN,Guangxi,2233900,1156925734
Nanping,26.6448,118.173,China,CN,CHN,Fujian,2690000,1156927445
Guiyang,26.5794,106.708,China,CN,CHN,Guizhou,3299724,1156932620
Yantai,37.3997,121.266,China,CN,CHN,Shandong,2511053,1156932948
Zhenjiang,32.2109,119.455,China,CN,CHN,Jiangsu,3210418,1156934125
Mizhou,35.99,119.38,China,CN,CHN,Shandong,1060000,1156935002
Chongqing,29.55,106.507,China,CN,CHN,Chongqing,12135000,1156936556
Xinyi,22.3559,110.937,China,CN,CHN,Guangdong,1013900,1156936644
Shanwei,22.7664,115.333,China,CN,CHN,Guangdong,2993600,1156939010
Lianjiang,21.6146,110.279,China,CN,CHN,Guangdong,1509400,1156944106
Zhongwei,37.5139,105.188,China,CN,CHN,Ningxia,1067336,1156956616
Handan,36.6116,114.489,China,CN,CHN,Hebei,2708015,1156957080
Xibeijie,39.737,98.5049,China,CN,CHN,Gansu,1095947,1156960560
Baishan,41.9377,126.418,China,CN,CHN,Jilin,1296127,1156960624
Changsha,28.1987,112.971,China,CN,CHN,Hunan,4766296,1156961497
Jinan,36.6667,116.983,China,CN,CHN,Shandong,5606374,1156972469
Baicheng,23.901,106.619,China,CN,CHN,Guangxi,3669400,1156981113
Rui’an,27.778,120.653,China,CN,CHN,Zhejiang,1424667,1156993705
Yancheng,33.3936,120.134,China,CN,CHN,Jiangsu,7260240,1156995410
Zhongli,24.965,121.217,Taiwan,TW,TWN,Taoyuan,1632616,1158025380
Tainan,22.9833,120.183,Taiwan,TW,TWN,Tainan,1874686,1158061376
Kaohsiung,22.615,120.298,Taiwan,TW,TWN,Kaohsiung,2733566,1158331334
Taichung,24.1439,120.679,Taiwan,TW,TWN,Taichung,3033885,1158689622
Taipei,25.0375,121.562,Taiwan,TW,TWN,Taipei,9078000,1158881289
Barranquilla,10.9833,-74.8019,Colombia,CO,COL,Atlántico,1326588,1170179113
Cali,3.4206,-76.5222,Colombia,CO,COL,Valle del Cauca,2471474,1170417589
Bogotá,4.7111,-74.0722,Colombia,CO,COL,Bogotá,7968095,1170483426
Medellín,6.2308,-75.5906,Colombia,CO,COL,Antioquia,2529403,1170680389
Timbío,2.3445,-76.6839,Colombia,CO,COL,Cauca,4444444,1170815311
Cartagena,10.4,-75.5,Colombia,CO,COL,Bolívar,1036412,1170886102
Moroni,-11.699,43.256,Comoros,KM,COM,Grande Comore,111329,1174793581
Mamoudzou,-12.7794,45.2272,Mayotte,YT,MYT,"",32057,1175099654
Brazzaville,-4.2694,15.2714,Congo (Brazzaville),CG,COG,Brazzaville,1827000,1178340306
Kinshasa,-4.325,15.3222,Congo (Kinshasa),CD,COD,Kinshasa,12836000,1180000363
Kananga,-5.897,22.4488,Congo (Kinshasa),CD,COD,Kasaï Central,1971704,1180172460
Mbuji-Mayi,-6.15,23.6,Congo (Kinshasa),CD,COD,Kasaï Oriental,2643000,1180399586
Bukavu,-2.5,28.8667,Congo (Kinshasa),CD,COD,Sud-Kivu,1133000,1180475821
Lubumbashi,-11.6647,27.4794,Congo (Kinshasa),CD,COD,Haut-Katanga,1786397,1180506234
Mbandaka,0.0478,18.2558,Congo (Kinshasa),CD,COD,Équateur,1187837,1180720887
Avarua,-21.207,-159.771,Cook Islands,CK,COK,"",5445,1184217570
San José,9.9325,-84.08,Costa Rica,CR,CRI,San José,1543000,1188749877
Zagreb,45.8167,15.9833,Croatia,HR,HRV,"Zagreb, Grad",809268,1191233290
Havana,23.1367,-82.3589,Cuba,CU,CUB,La Habana,2141652,1192752771
Nicosia,35.1725,33.365,Cyprus,CY,CYP,Lefkosía,330000,1196944155
Prague,50.0875,14.4214,Czechia,CZ,CZE,Praha,1335084,1203744823
Porto-Novo,6.4972,2.605,Benin,BJ,BEN,Ouémé,300000,1204172060
Cotonou,6.3667,2.4333,Benin,BJ,BEN,Littoral,762000,1204955174
Copenhagen,55.6761,12.5683,Denmark,DK,DNK,Hovedstaden,1366301,1208763942
Roseau,15.3014,-61.3883,Dominica,DM,DMA,Saint George,16582,1212060440
Santo Domingo,18.4764,-69.8933,Dominican Republic,DO,DOM,Ozama,2581827,1214636202
Santiago,19.4572,-70.6889,Dominican Republic,DO,DOM,Cibao Norte,1343423,1214985348
Quito,-0.22,-78.5125,Ecuador,EC,ECU,Pichincha,2011388,1218441993
Guayaquil,-2.19,-79.8875,Ecuador,EC,ECU,Guayas,2723665,1218802178
San Salvador,13.6989,-89.1914,El Salvador,SV,SLV,San Salvador,567698,1222647454
Malabo,3.75,8.7833,Equatorial Guinea,GQ,GNQ,Bioko Norte,187302,1226861333
Addis Ababa,9.03,38.74,Ethiopia,ET,ETH,Ādīs Ābeba,3041002,1231824991
Asmara,15.3228,38.925,Eritrea,ER,ERI,Ma’ĭkel,963000,1232791236
Tallinn,59.4372,24.7453,Estonia,EE,EST,Tallinn,438341,1233260021
Tórshavn,62.0,-6.7833,Faroe Islands,FO,FRO,Tórshavn,13326,1234904517
Suva,-18.1416,178.442,Fiji,FJ,FJI,Rewa,185913,1242615095
Helsinki,60.1708,24.9375,Finland,FI,FIN,Uusimaa,1268296,1246177997
Paris,48.8567,2.3522,France,FR,FRA,Île-de-France,11060000,1250015082
Cayenne,4.933,-52.33,French Guiana,GF,GUF,"",61550,1254304969
Papeete,-17.5334,-149.567,French Polynesia,PF,PYF,Îles du Vent,131695,1258907380
Djibouti,11.5883,43.145,Djibouti,DJ,DJI,Djibouti,603900,1262028958
Libreville,0.3903,9.4542,Gabon,GA,GAB,Estuaire,797003,1266952885
Tbilisi,41.7225,44.7925,Georgia,GE,GEO,Tbilisi,1118035,1268203191
Banjul,13.4531,-16.5775,The Gambia,GM,GMB,Banjul,413397,1270723713
Cologne,50.9364,6.9528,Germany,DE,DEU,North Rhine-Westphalia,1083498,1276015998
Hamburg,53.55,10.0,Germany,DE,DEU,Hamburg,2484800,1276041799
Stuttgart,48.7775,9.18,Germany,DE,DEU,Baden-Württemberg,2787724,1276171358
Berlin,52.52,13.405,Germany,DE,DEU,Berlin,4473101,1276451290
Munich,48.1375,11.575,Germany,DE,DEU,Bavaria,2606021,1276692352
Boankra,6.6944,-1.4028,Ghana,GH,GHA,Ashanti,3348000,1288164978
Kumasi,6.6667,-1.6167,Ghana,GH,GHA,Ashanti,2069350,1288181103
Accra,5.55,-0.2,Ghana,GH,GHA,Greater Accra,2388000,1288299415
Tamale,9.4075,-0.8533,Ghana,GH,GHA,Northern,1095808,1288890688
Gibraltar,36.1333,-5.35,Gibraltar,GI,GIB,"",187083,1292385245
Tarawa,1.3382,173.018,Kiribati,KI,KIR,"",28802,1296152641
Athens,37.9842,23.7281,Greece,GR,GRC,Attikí,3041131,1300715560
Nuuk,64.1814,-51.6942,Greenland,GL,GRL,Sermersooq,18326,1304028354
Saint George’s,12.05,-61.75,Grenada,GD,GRD,Saint George,4315,1308891766
Basse-Terre,16.0104,-61.7055,Guadeloupe,GP,GLP,"",307,1312938008
Hagåtña,13.4745,144.75,Guam,GU,GUM,"",1051,1316937540
Guatemala City,14.6099,-90.5252,Guatemala,GT,GTM,Guatemala,2934841,1320197916
Conakry,9.5092,-13.7122,Guinea,GN,GIN,Conakry,1667864,1324568159
Georgetown,6.8058,-58.1508,Guyana,GY,GUY,Demerara-Mahaica,200500,1328160906
Port-au-Prince,18.5333,-72.3333,Haiti,HT,HTI,Ouest,987310,1332401940
Vatican City,41.904,12.453,Vatican City,VA,VAT,"",825,1336000000
Tegucigalpa,14.1,-87.2167,Honduras,HN,HND,Francisco Morazán,1682725,1340344059
Comayagüela,14.0981,-87.2097,Honduras,HN,HND,Francisco Morazán,1250000,1340762485
Kowloon,22.3167,114.183,Hong Kong,HK,HKG,"",2108419,1344538284
Hong Kong,22.3,114.2,Hong Kong,HK,HKG,"",7450000,1344982653
Budapest,47.4925,19.0514,Hungary,HU,HUN,Budapest,2997958,1348611435
Reykjavík,64.1467,-21.94,Iceland,IS,ISL,Reykjavík,135688,1352327190
Farīdābād,28.4167,77.3,India,IN,IND,Haryāna,1404653,1356013205
Kolkāta,22.5675,88.37,India,IN,IND,West Bengal,18502000,1356060520
Alīgarh,27.88,78.08,India,IN,IND,Uttar Pradesh,1131160,1356076391
Pune,18.5203,73.8567,India,IN,IND,Mahārāshtra,8231000,1356081074
Dhanbād,23.7998,86.4305,India,IN,IND,Jhārkhand,1162472,1356103392
Rānchi,23.36,85.33,India,IN,IND,Jhārkhand,1073440,1356110588
Jabalpur,23.1667,79.9333,India,IN,IND,Madhya Pradesh,1267564,1356115460
Vārānasi,25.3189,83.0128,India,IN,IND,Uttar Pradesh,1198491,1356145782
Agwār,27.18,78.02,India,IN,IND,Uttar Pradesh,1585705,1356151564
Najafgarh,28.6092,76.9798,India,IN,IND,Delhi,1203180,1356180206
Āgra,27.18,78.02,India,IN,IND,Uttar Pradesh,1585704,1356187395
New Delhi,28.6139,77.209,India,IN,IND,Delhi,249998,1356215164
Mumbai,19.0761,72.8775,India,IN,IND,Mahārāshtra,24973000,1356226629
Madurai,9.9252,78.1198,India,IN,IND,Tamil Nādu,1561129,1356257289
Jaipur,26.9,75.8,India,IN,IND,Rājasthān,3073350,1356293537
Ahmedabad,23.03,72.58,India,IN,IND,Gujarāt,8009000,1356304381
Rājkot,22.3,70.7833,India,IN,IND,Gujarāt,1335397,1356317190
Gwalior,26.2215,78.178,India,IN,IND,Madhya Pradesh,1069276,1356363967
Nāgpur,21.1497,79.0806,India,IN,IND,Mahārāshtra,2405665,1356365743
Chennai,13.0825,80.275,India,IN,IND,Tamil Nādu,12395000,1356374944
Raipur,21.25,81.63,India,IN,IND,Chhattīsgarh,1010087,1356374983
Meerut,28.98,77.71,India,IN,IND,Uttar Pradesh,1305429,1356390476
Indore,22.7167,75.8472,India,IN,IND,Madhya Pradesh,1994397,1356402812
Bangalore,12.9789,77.5917,India,IN,IND,Karnātaka,15386000,1356410365
Mirzāpur,25.146,82.569,India,IN,IND,Uttar Pradesh,2496970,1356427908
Srīnagar,34.09,74.79,India,IN,IND,Jammu and Kashmīr,1180570,1356442950
Chinchvad,18.6186,73.8037,India,IN,IND,Mahārāshtra,1729320,1356475483
Jamshedpur,22.7925,86.1842,India,IN,IND,Jhārkhand,1558000,1356501259
Kalamboli,19.2333,73.1333,India,IN,IND,Mahārāshtra,1246381,1356537020
Nāsik,20.0,73.78,India,IN,IND,Mahārāshtra,1486053,1356562598
Cawnpore,26.4499,80.3319,India,IN,IND,Uttar Pradesh,2701324,1356575238
Guwāhāti,26.1722,91.7458,India,IN,IND,Assam,1116267,1356593800
Thāne,19.1972,72.9722,India,IN,IND,Mahārāshtra,1886941,1356681152
Ghāziābād,28.67,77.42,India,IN,IND,Uttar Pradesh,2375820,1356691871
Vishākhapatnam,17.7042,83.2978,India,IN,IND,Andhra Pradesh,2035922,1356692563
Vadodara,22.3,73.2,India,IN,IND,Gujarāt,2065771,1356705249
Vasai,19.47,72.8,India,IN,IND,Mahārāshtra,1222390,1356707797
Prayagraj,25.4358,81.8464,India,IN,IND,Uttar Pradesh,5954391,1356718332
Jodhpur,26.28,73.02,India,IN,IND,Rājasthān,1033918,1356727084
Bhopāl,23.25,77.4167,India,IN,IND,Madhya Pradesh,1798218,1356734039
Chandīgarh,30.75,76.78,India,IN,IND,Chandīgarh,1055450,1356739179
Sūrat,21.1702,72.8311,India,IN,IND,Gujarāt,6538000,1356758738
Vijayavāda,16.5193,80.6305,India,IN,IND,Andhra Pradesh,1048240,1356807575
Kota,25.18,75.83,India,IN,IND,Rājasthān,1001694,1356820310
Bilāspur,22.09,82.15,India,IN,IND,Chhattīsgarh,1625502,1356820491
Patna,25.6,85.1,India,IN,IND,Bihār,1684222,1356821429
Aurangābād,19.88,75.32,India,IN,IND,Mahārāshtra,1371330,1356840670
Hyderābād,17.385,78.4867,India,IN,IND,Telangāna,10494000,1356871768
Delhi,28.61,77.23,India,IN,IND,Delhi,32226000,1356872604
Lucknow,26.85,80.95,India,IN,IND,Uttar Pradesh,3382000,1356891790
Amritsar,31.64,74.86,India,IN,IND,Punjab,1132383,1356926507
Ludhiāna,30.91,75.85,India,IN,IND,Punjab,1618879,1356929498
Hāora,22.58,88.3294,India,IN,IND,West Bengal,1077075,1356986516
Tangerang,-6.1783,106.632,Indonesia,ID,IDN,Jawa Barat,2237006,1360002844
Bekasi,-6.2349,106.992,Indonesia,ID,IDN,Jawa Barat,2381053,1360006015
Sangereng,-6.2889,106.718,Indonesia,ID,IDN,Jawa Barat,1644899,1360029147
Makassar,-5.1619,119.436,Indonesia,ID,IDN,Sulawesi Selatan,1338663,1360051337
Malang,-7.98,112.62,Indonesia,ID,IDN,Jawa Timur,2795209,1360141408
Bandar Lampung,-5.45,105.267,Indonesia,ID,IDN,Lampung,1166761,1360243491
Bagam,1.0833,104.033,Indonesia,ID,IDN,Kepulauan Riau,1230097,1360405604
Surabaya,-7.2458,112.738,Indonesia,ID,IDN,Jawa Timur,6499000,1360484663
Cilacap,-7.7167,109.017,Indonesia,ID,IDN,Jawa Tengah,1174964,1360503809
Medan,3.5894,98.6739,Indonesia,ID,IDN,Sumatera Utara,3632000,1360543171
Sumedang,-6.84,107.921,Indonesia,ID,IDN,Jawa Barat,1240000,1360564479
Jepara,-6.5333,110.667,Indonesia,ID,IDN,Jawa Tengah,1257912,1360703818
Semarang,-6.9667,110.417,Indonesia,ID,IDN,Jawa Tengah,1621384,1360745537
Jakarta,-6.175,106.827,Indonesia,ID,IDN,Jakarta,33756000,1360771077
Bogor,-6.5966,106.797,Indonesia,ID,IDN,Jawa Barat,1030720,1360771925
Denpasar,-8.65,115.217,Indonesia,ID,IDN,Bali,1779122,1360848527
Palembang,-2.9861,104.756,Indonesia,ID,IDN,Sumatera Selatan,1535952,1360902897
Depok,-6.394,106.823,Indonesia,ID,IDN,Jawa Barat,2330333,1360962899
Kāshān,33.9833,51.4333,Iran,IR,IRN,Eşfahān,5000000,1364006067
Eşfahān,32.6447,51.6675,Iran,IR,IRN,Eşfahān,2219343,1364023865
Mashhad,36.3,59.6,Iran,IR,IRN,Khorāsān-e Raẕavī,3372090,1364123206
Tabrīz,38.0814,46.3006,Iran,IR,IRN,Āz̄arbāyjān-e Sharqī,1558693,1364141756
Karaj,35.8272,50.9489,Iran,IR,IRN,Alborz,1973470,1364258511
Tehran,35.6892,51.3889,Iran,IR,IRN,Tehrān,14148000,1364305026
Ahvāz,31.3203,48.6692,Iran,IR,IRN,Khūzestān,1261042,1364350188
Shīrāz,29.61,52.5425,Iran,IR,IRN,Fārs,1565572,1364432238
Qom,34.64,50.8764,Iran,IR,IRN,Qom,1201158,1364701633
Mosul,36.34,43.13,Iraq,IQ,IRQ,Nīnawá,1694000,1368194914
Baghdad,33.3153,44.3661,Iraq,IQ,IRQ,Baghdād,6183000,1368596238
Al Başrah,30.515,47.81,Iraq,IQ,IRQ,Al Başrah,1326564,1368714645
Dublin,53.35,-6.2603,Ireland,IE,IRL,Dublin,1173179,1372595407
Jerusalem,31.7784,35.2066,Israel,IL,ISR,Jerusalem,919438,1376261644
Tel Aviv-Yafo,32.08,34.78,Israel,IL,ISR,Tel Aviv,1388400,1376401542
Rome,41.8931,12.4828,Italy,IT,ITA,Lazio,2872800,1380382862
Milan,45.4669,9.19,Italy,IT,ITA,Lombardy,1366180,1380724377
Abidjan,5.3167,-4.0333,Côte d'Ivoire,CI,CIV,Abidjan,4980000,1384207980
Yamoussoukro,6.8161,-5.2742,Côte d'Ivoire,CI,CIV,Yamoussoukro,355573,1384683557
Yopougon,5.3167,-4.0667,Côte d'Ivoire,CI,CIV,Abidjan,1571065,1384759584
Kingston,17.9714,-76.7931,Jamaica,JM,JAM,Kingston,580000,1388709177
Sapporo,43.0667,141.35,Japan,JP,JPN,Hokkaidō,1961690,1392000195
Kawasaki,35.5167,139.7,Japan,JP,JPN,Kanagawa,1539522,1392003356
Saitama,35.8614,139.646,Japan,JP,JPN,Saitama,1325843,1392017719
Yokohama,35.4442,139.638,Japan,JP,JPN,Kanagawa,3757630,1392118339
Hiroshima,34.3914,132.452,Japan,JP,JPN,Hiroshima,1198021,1392373695
Nagoya,35.1833,136.9,Japan,JP,JPN,Aichi,9197000,1392407472
Ōsaka,34.6939,135.502,Japan,JP,JPN,Ōsaka,15126000,1392419823
Sendai,38.2682,140.869,Japan,JP,JPN,Miyagi,1061177,1392457903
Fukuoka,33.5833,130.4,Japan,JP,JPN,Fukuoka,2286000,1392576294
Kyōto,35.0117,135.768,Japan,JP,JPN,Kyōto,1464890,1392622735
Tokyo,35.6897,139.692,Japan,JP,JPN,Tōkyō,37732000,1392685764
Kōbe,34.69,135.196,Japan,JP,JPN,Hyōgo,1521707,1392978082
Almaty,43.2775,76.8958,Kazakhstan,KZ,KAZ,"",1916822,1398351701
Nur-Sultan,51.1472,71.4222,Kazakhstan,KZ,KAZ,"",1078362,1398516045
Shymkent,42.3167,69.5958,Kazakhstan,KZ,KAZ,"",1028673,1398791401
Amman,31.9497,35.9328,Jordan,JO,JOR,Al ‘Āşimah,4007526,1400522593
Nairobi,-1.2864,36.8172,Kenya,KE,KEN,Nairobi City,5545000,1404000661
Mombasa,-4.05,39.6667,Kenya,KE,KEN,Mombasa,1208333,1404512373
Meru,0.05,37.65,Kenya,KE,KEN,Meru,1833000,1404588252
Pyongyang,39.0194,125.738,North Korea,KP,PRK,P’yŏngyang,2863000,1408738594
Gwangju,35.1653,126.849,South Korea,KR,KOR,Gwangju,1490092,1410000087
Daegu,35.8717,128.602,South Korea,KR,KOR,Daegu,2461002,1410095252
Ulsan,35.55,129.317,South Korea,KR,KOR,Ulsan,1166033,1410134602
Incheon,37.4833,126.633,South Korea,KR,KOR,Incheon,2936117,1410160313
Tongjin,37.2333,127.2,South Korea,KR,KOR,Gyeonggi,1076369,1410160862
Goyang,37.65,126.8,South Korea,KR,KOR,Gyeonggi,1061929,1410511255
Changwon,35.2708,128.663,South Korea,KR,KOR,Gyeongnam,1046054,1410592618
Busan,35.18,129.075,South Korea,KR,KOR,Busan,3453198,1410601465
Suwon,37.2667,127.017,South Korea,KR,KOR,Gyeonggi,1234300,1410679777
Seoul,37.56,126.99,South Korea,KR,KOR,Seoul,23016000,1410836482
Daejeon,36.351,127.385,South Korea,KR,KOR,Daejeon,1475221,1410993875
Kuwait City,29.3697,47.9783,Kuwait,KW,KWT,Al ‘Āşimah,3000000,1414102075
Bishkek,42.8747,74.6122,Kyrgyzstan,KG,KGZ,Bishkek,1074075,1417191971
Vientiane,17.9667,102.6,Laos,LA,LAO,Viangchan,948487,1418732714
Beirut,33.8869,35.5131,Lebanon,LB,LBN,Beyrouth,361366,1422847713
Maseru,-29.31,27.48,Lesotho,LS,LSO,Maseru,519186,1426977668
Riga,56.9489,24.1064,Latvia,LV,LVA,Rīga,920643,1428586192
Monrovia,6.3133,-10.8014,Liberia,LR,LBR,Montserrado,1021762,1430477826
Tripoli,32.8872,13.1914,Libya,LY,LBY,Ţarābulus,1293016,1434201852
Vaduz,47.141,9.521,Liechtenstein,LI,LIE,Vaduz,5668,1438317747
Vilnius,54.6872,25.28,Lithuania,LT,LTU,Vilniaus Miestas,708203,1440887149
Luxembourg,49.6117,6.1319,Luxembourg,LU,LUX,Luxembourg,132780,1442262731
Antananarivo,-18.9333,47.5167,Madagascar,MG,MDG,Antananarivo,2610000,1450978461
Blantyre,-15.7861,35.0058,Malawi,MW,MWI,Blantyre,1895973,1454145012
Lilongwe,-13.9833,33.7833,Malawi,MW,MWI,Lilongwe,989318,1454688499
Putrajaya,2.93,101.69,Malaysia,MY,MYS,Putrajaya,67964,1458000206
Kuala Lumpur,3.1478,101.695,Malaysia,MY,MYS,Kuala Lumpur,8911000,1458988644
Male,4.1753,73.5089,Maldives,MV,MDV,Maale,133019,1462441685
Balandougou,13.3558,-9.5517,Mali,ML,MLI,Kayes,1596882,1466367944
Bamako,12.6458,-7.9922,Mali,ML,MLI,Bamako,2009109,1466965925
Valletta,35.8983,14.5125,Malta,MT,MLT,Valletta,480134,1470574399
Fort-de-France,14.6,-61.0667,Martinique,MQ,MTQ,"",253995,1474969110
Nouakchott,18.0858,-15.9785,Mauritania,MR,MRT,Nouakchott Ouest,1077169,1478414984
Port Louis,-20.1644,57.5042,Mauritius,MU,MUS,Port Louis,149194,1480131261
Ecatepec,19.6097,-99.06,Mexico,MX,MEX,México,1929926,1484003694
Ciudad Nezahualcóyotl,19.4081,-99.0186,Mexico,MX,MEX,México,1109363,1484016661
Nezahualcóyotl,19.4006,-99.0148,Mexico,MX,MEX,México,1077208,1484074285
Zapopan,20.7167,-103.4,Mexico,MX,MEX,Jalisco,1476491,1484198680
Mexico City,19.4333,-99.1333,Mexico,MX,MEX,Ciudad de México,21804000,1484247881
Puebla,19.0333,-98.1833,Mexico,MX,MEX,Puebla,1576259,1484416394
Monterrey,25.6667,-100.3,Mexico,MX,MEX,Nuevo León,5341171,1484559591
Tijuana,32.525,-117.033,Mexico,MX,MEX,Baja California,2002000,1484708778
Mexicali,32.6633,-115.468,Mexico,MX,MEX,Baja California,1102342,1484788702
León de los Aldama,21.1167,-101.683,Mexico,MX,MEX,Guanajuato,1579803,1484811199
Juárez,31.7386,-106.487,Mexico,MX,MEX,Chihuahua,1321004,1484840083
Guadalajara,20.6767,-103.348,Mexico,MX,MEX,Jalisco,5525000,1484950208
Monaco,43.7333,7.4167,Monaco,MC,MCO,"",36371,1492854256
Ulaanbaatar,47.9203,106.917,Mongolia,MN,MNG,Ulaanbaatar,1396288,1496024767
Chisinau,47.0228,28.8353,Moldova,MD,MDA,Chişinău,702300,1498011437
Podgorica,42.4413,19.2629,Montenegro,ME,MNE,Podgorica,150977,1499454516
Brades,16.7928,-62.2106,Montserrat,MS,MSR,Saint Peter,391,1500971198
Rabat,34.0209,-6.8416,Morocco,MA,MAR,Rabat-Salé-Kénitra,572717,1504023252
Casablanca,33.5333,-7.5833,Morocco,MA,MAR,Casablanca-Settat,4370000,1504175315
El Kelaa des Srarhna,32.0481,-7.4083,Morocco,MA,MAR,Marrakech-Safi,1450021,1504846488
Fès,34.0433,-5.0033,Morocco,MA,MAR,Fès-Meknès,1112072,1504861997
Tifariti,26.158,-10.567,Morocco,MA,MAR,Laâyoune-Sakia El Hamra,3000,1504999990
Maputo,-25.9667,32.5833,Mozambique,MZ,MOZ,Maputo,1191613,1508074843
Matola,-25.9667,32.4667,Mozambique,MZ,MOZ,Maputo,1032197,1508768577
Muscat,23.6139,58.5922,Oman,OM,OMN,Masqaţ,1421409,1512035506
Windhoek,-22.57,17.0836,Namibia,NA,NAM,Khomas,322500,1516802003
Kathmandu,27.7172,85.324,Nepal,NP,NPL,"",975453,1524589448
Amsterdam,52.3728,4.8936,Netherlands,NL,NLD,Noord-Holland,1459402,1528355309
The Hague,52.08,4.31,Netherlands,NL,NLD,Zuid-Holland,548320,1528799905
Willemstad,12.108,-68.935,Curaçao,CW,CUW,"",150000,1531000000
Oranjestad,12.5186,-70.0358,Aruba,AW,ABW,"",34980,1533513057
Philipsburg,18.0237,-63.0458,Sint Maarten,SX,SXM,"",1894,1534859858
Nouméa,-22.2758,166.458,New Caledonia,NC,NCL,Province Sud,182341,1540958092
Port-Vila,-17.7333,168.317,Vanuatu,VU,VUT,Shefa,51437,1548805075
Auckland,-36.8406,174.74,New Zealand,NZ,NZL,Auckland,1346091,1554435911
Wellington,-41.2889,174.777,New Zealand,NZ,NZL,Wellington,418500,1554772152
Managua,12.1544,-86.2738,Nicaragua,NI,NIC,Managua,1028808,1558296252
Niamey,13.515,2.1175,Niger,NE,NER,Niamey,1026848,1562932886
Port Harcourt,4.8242,7.0336,Nigeria,NG,NGA,Rivers,1865000,1566070649
Benin City,6.3333,5.6222,Nigeria,NG,NGA,Edo,1147188,1566080151
Shagamu,6.8333,3.65,Nigeria,NG,NGA,Ogun,1132270,1566202131
Aba,5.1167,7.3667,Nigeria,NG,NGA,Abia,1530000,1566262000
Abuja,9.0667,7.4833,Nigeria,NG,NGA,Federal Capital Territory,3770000,1566342270
Ibadan,7.3964,3.9167,Nigeria,NG,NGA,Oyo,3552000,1566366407
Ogbomoso,8.1333,4.25,Nigeria,NG,NGA,Oyo,1032000,1566373448
Kano,12.0,8.5167,Nigeria,NG,NGA,Kano,3848885,1566422868
Maiduguri,11.8333,13.15,Nigeria,NG,NGA,Borno,1197497,1566540296
Onitsha,6.1667,6.7833,Nigeria,NG,NGA,Anambra,1483000,1566593483
Lagos,6.455,3.3841,Nigeria,NG,NGA,Lagos,16637000,1566593751
Ikare,7.5167,5.75,Nigeria,NG,NGA,Ondo,1099931,1566683694
Alofi,-19.056,-169.921,Niue,NU,NIU,"",1611,1570882835
Oslo,59.9133,10.7389,Norway,NO,NOR,Oslo,1064235,1578324706
Capitol Hill,15.2137,145.755,Northern Mariana Islands,MP,MNP,"",2500,1580556972
Majuro,7.0833,171.383,Marshall Islands,MH,MHL,Majuro,30000,1584000000
Karachi,24.86,67.01,Pakistan,PK,PAK,Sindh,15738000,1586129469
Hyderabad City,25.3792,68.3683,Pakistan,PK,PAK,Sindh,1732693,1586185019
Multan,30.1978,71.4697,Pakistan,PK,PAK,Punjab,1871843,1586256291
Islamabad,33.6931,73.0639,Pakistan,PK,PAK,Islamabad,1014825,1586306717
Faisalabad,31.4167,73.0911,Pakistan,PK,PAK,Punjab,3203846,1586323916
Rawalpindi,33.6,73.0333,Pakistan,PK,PAK,Punjab,2098231,1586344001
Gujranwala,32.1567,74.19,Pakistan,PK,PAK,Punjab,2027001,1586400472
Quetta,30.1833,67.0,Pakistan,PK,PAK,Balochistan,1001205,1586556108
Saidu Sharif,34.75,72.3572,Pakistan,PK,PAK,Khyber Pakhtunkhwa,1860310,1586619596
Lahore,31.5497,74.3436,Pakistan,PK,PAK,Punjab,12306000,1586801463
Peshawar,34.0144,71.5675,Pakistan,PK,PAK,Khyber Pakhtunkhwa,1970042,1586851102
Panama City,8.9833,-79.5167,Panama,PA,PAN,Panamá,1500189,1591672475
Port Moresby,-9.4789,147.149,Papua New Guinea,PG,PNG,National Capital,700000,1598685395
Asunción,-25.3,-57.6333,Paraguay,PY,PRY,Asunción,524190,1600057911
Callao,-12.0333,-77.1333,Peru,PE,PER,Callao,1129854,1604422141
Arequipa,-16.4,-71.5333,Peru,PE,PER,Arequipa,1008290,1604723954
Lima,-12.06,-77.0375,Peru,PE,PER,Lima,10320000,1604728603
Manila,14.5958,120.977,Philippines,PH,PHL,Manila,24922000,1608618140
Canagatan,18.0,121.8,Philippines,PH,PHL,Cagayan,1273219,1608697675
Caloocan City,14.65,120.97,Philippines,PH,PHL,Caloocan,1661584,1608897690
Davao,7.0667,125.6,Philippines,PH,PHL,Davao,1776949,1608906877
Quezon City,14.63,121.03,Philippines,PH,PHL,Quezon,2960048,1608974097
Warsaw,52.23,21.0111,Poland,PL,POL,Mazowieckie,1860281,1616024847
Porto,41.1621,-8.622,Portugal,PT,PRT,Porto,1278210,1620356810
Lisbon,38.7253,-9.15,Portugal,PT,PRT,Lisboa,2719000,1620619017
Bissau,11.85,-15.5667,Guinea-Bissau,GW,GNB,Bissau,492004,1624168850
Dili,-8.5536,125.578,Timor-Leste,TL,TLS,Díli,222323,1626308942
San Juan,18.3985,-66.061,Puerto Rico,PR,PRI,Puerto Rico,1915105,1630035577
Doha,25.2867,51.5333,Qatar,QA,QAT,Ad Dawḩah,1186023,1634459660
Saint-Denis,-20.8789,55.4481,Reunion,RE,REU,"",315080,1638024662
Bucharest,44.4325,26.1039,Romania,RO,ROU,Bucureşti,1883425,1642414442
Nizhniy Novgorod,56.3269,44.0075,Russia,RU,RUS,Nizhegorodskaya Oblast’,1264075,1643012126
Rostov,47.2333,39.7,Russia,RU,RUS,Rostovskaya Oblast’,1137704,1643013518
Kazan,55.7964,49.1089,Russia,RU,RUS,Tatarstan,1243500,1643101260
Samara,53.2028,50.1408,Russia,RU,RUS,Samarskaya Oblast’,1169719,1643205757
Chelyabinsk,55.15,61.4,Russia,RU,RUS,Chelyabinskaya Oblast’,1202371,1643224011
Perm,58.0139,56.2489,Russia,RU,RUS,Permskiy Kray,1048005,1643294442
Moscow,55.7558,37.6178,Russia,RU,RUS,Moskva,17332000,1643318494
Omsk,54.9667,73.3833,Russia,RU,RUS,Omskaya Oblast’,1178391,1643360863
Novosibirsk,55.0333,82.9167,Russia,RU,RUS,Novosibirskaya Oblast’,1625631,1643399240
Krasnoyarsk,56.0089,92.8719,Russia,RU,RUS,Krasnoyarskiy Kray,1083865,1643544975
Volgograd,48.7086,44.5147,Russia,RU,RUS,Volgogradskaya Oblast’,1015586,1643577201
Yekaterinburg,56.8356,60.6128,Russia,RU,RUS,Sverdlovskaya Oblast’,1468833,1643582706
Saint Petersburg,59.95,30.3167,Russia,RU,RUS,Sankt-Peterburg,5384342,1643616350
Ufa,54.7261,55.9475,Russia,RU,RUS,Bashkortostan,1115560,1643722928
Voronezh,51.6717,39.2106,Russia,RU,RUS,Voronezhskaya Oblast’,1050602,1643811064
Kigali,-1.9536,30.0606,Rwanda,RW,RWA,Kigali,1156663,1646923541
Basseterre,17.3,-62.7333,Saint Kitts and Nevis,KN,KNA,Saint George Basseterre,13220,1659198919
Castries,14.0167,-60.9833,Saint Lucia,LC,LCA,Castries,70000,1662922505
Marigot,18.0706,-63.0847,Saint Martin,MF,MAF,"",5700,1663133172
San Marino,43.9346,12.4473,San Marino,SM,SMR,San Marino Città,4040,1674741947
São Tomé,0.3361,6.7306,Sao Tome and Principe,ST,STP,Água Grande,56166,1678301324
Mecca,21.4225,39.8233,Saudi Arabia,SA,SAU,Makkah al Mukarramah,1675368,1682169241
Medina,24.47,39.61,Saudi Arabia,SA,SAU,Al Madīnah al Munawwarah,1180770,1682345785
Jeddah,21.5433,39.1728,Saudi Arabia,SA,SAU,Makkah al Mukarramah,3976000,1682926944
Riyadh,24.6333,46.7167,Saudi Arabia,SA,SAU,Ar Riyāḑ,7237000,1682999334
Pikine,14.75,-17.4,Senegal,SN,SEN,Dakar,1170791,1686165071
Dakar,14.6928,-17.4467,Senegal,SN,SEN,Dakar,1438725,1686604760
Belgrade,44.82,20.46,Serbia,RS,SRB,Beograd,1378682,1688374696
Victoria,-4.6167,55.45,Seychelles,SC,SYC,Mont Buxton,26450,1690193579
Freetown,8.4844,-13.2344,Sierra Leone,SL,SLE,Western Area,951000,1694085071
Singapore,1.3,103.8,Singapore,SG,SGP,"",5983000,1702341327
Bratislava,48.1439,17.1097,Slovakia,SK,SVK,Bratislava,475503,1703195001
Haiphong,20.8651,106.684,Vietnam,VN,VNM,Hải Phòng,2103500,1704000623
Thủ Đức,10.8266,106.761,Vietnam,VN,VNM,Hồ Chí Minh,1013795,1704361621
Hanoi,21.0283,105.854,Vietnam,VN,VNM,Hà Nội,8246600,1704413791
Ho Chi Minh City,10.7756,106.702,Vietnam,VN,VNM,Hồ Chí Minh,15136000,1704774326
Cần Thơ,10.0333,105.783,Vietnam,VN,VNM,Cần Thơ,1237300,1704783472
Biên Hòa,10.95,106.817,Vietnam,VN,VNM,Đồng Nai,1104000,1704863046
Ljubljana,46.0514,14.5061,Slovenia,SI,SVN,Ljubljana,286745,1705917455
Boosaaso,11.2886,49.1819,Somalia,SO,SOM,Bari,2000000,1706054548
Hargeysa,9.5631,44.0675,Somalia,SO,SOM,Woqooyi Galbeed,1200000,1706832021
Mogadishu,2.0392,45.3419,Somalia,SO,SOM,Banaadir,4249083,1706893395
Pretoria,-25.7461,28.1881,South Africa,ZA,ZAF,Gauteng,741651,1710176249
Vereeniging,-26.6736,27.9319,South Africa,ZA,ZAF,Gauteng,1074000,1710271883
Bloemfontein,-29.1167,26.2167,South Africa,ZA,ZAF,Free State,256185,1710495933
Johannesburg,-26.2044,28.0456,South Africa,ZA,ZAF,Gauteng,8000000,1710550792
Soweto,-26.2678,27.8585,South Africa,ZA,ZAF,Gauteng,1271628,1710627007
Cape Town,-33.9253,18.4239,South Africa,ZA,ZAF,Western Cape,433688,1710680650
Harare,-17.8292,31.0522,Zimbabwe,ZW,ZWE,Harare,2150000,1716196799
Barcelona,41.3825,2.1769,Spain,ES,ESP,Catalonia,4800000,1724594040
Madrid,40.4169,-3.7033,Spain,ES,ESP,Madrid,6211000,1724616994
Sevilla,37.24,-5.99,Spain,ES,ESP,Andalusia,1100000,1724991838
Juba,4.85,31.6,South Sudan,SS,SSD,Central Equatoria,525953,1728444337
Khartoum,15.5006,32.56,Sudan,SD,SDN,Khartoum,7869000,1729268475
Omdurman,15.65,32.4833,Sudan,SD,SDN,Khartoum,2805396,1729912179
Paramaribo,5.8522,-55.2039,Suriname,SR,SUR,Paramaribo,223757,1740518660
Mbabane,-26.3208,31.1617,Swaziland,SZ,SWZ,Hhohho,94874,1748811945
Lobamba,-26.4465,31.2064,Swaziland,SZ,SWZ,Hhohho,5800,1748963140
Stockholm,59.3294,18.0686,Sweden,SE,SWE,Stockholm,1611776,1752425602
Bern,46.9481,7.4475,Switzerland,CH,CHE,Bern,133883,1756374318
Aleppo,36.2,37.16,Syria,SY,SYR,Ḩalab,1916781,1760366651
Damascus,33.5131,36.2919,Syria,SY,SYR,Dimashq,1754000,1760685964
Dushanbe,38.5367,68.78,Tajikistan,TJ,TJK,Dushanbe,863400,1762930616
Bangkok,13.7525,100.494,Thailand,TH,THA,Krung Thep Maha Nakhon,18007000,1764068610
Chiang Mai,18.7953,98.9986,Thailand,TH,THA,Chiang Mai,1198000,1764662886
Lomé,6.1319,1.2228,Togo,TG,TGO,Maritime,837437,1768409132
Nuku‘alofa,-21.1333,-175.2,Tonga,TO,TON,Tongatapu,23221,1776737461
Port of Spain,10.6667,-61.5167,Trinidad and Tobago,TT,TTO,Port of Spain,81142,1780670676
Sharjah,25.3575,55.3908,United Arab Emirates,AE,ARE,Ash Shāriqah,1247749,1784152993
Abu Dhabi,24.4667,54.3667,United Arab Emirates,AE,ARE,Abū Z̧aby,1483000,1784176710
Dubai,25.2631,55.2972,United Arab Emirates,AE,ARE,Dubayy,3331420,1784736618
Tunis,36.8064,10.1817,Tunisia,TN,TUN,Tunis,1056247,1788742103
Konya,37.8667,32.4833,Turkey,TR,TUR,Konya,2232374,1792014004
Denizli,37.7667,29.0833,Turkey,TR,TUR,Denizli,1027782,1792161179
Samsun,41.2903,36.3336,Turkey,TR,TUR,Samsun,1335716,1792169057
Mersin,36.8,34.6333,Turkey,TR,TUR,Mersin,1814468,1792520282
Diyarbakır,37.91,40.24,Turkey,TR,TUR,Diyarbakır,1732396,1792536241
Akçaabat,41.0167,39.55,Turkey,TR,TUR,Trabzon,1215351,1792536331
Ankara,39.93,32.85,Turkey,TR,TUR,Ankara,5503985,1792572891
İzmir,38.42,27.14,Turkey,TR,TUR,İzmir,4320519,1792725579
Istanbul,41.0136,28.955,Turkey,TR,TUR,İstanbul,16079000,1792756324
Adana,37.0,35.3213,Turkey,TR,TUR,Adana,1765981,1792783772
Bursa,40.1833,29.05,Turkey,TR,TUR,Bursa,2901396,1792903330
Gaziantep,37.0628,37.3792,Turkey,TR,TUR,Gaziantep,2028563,1792911843
Şanlıurfa,37.1583,38.7917,Turkey,TR,TUR,Şanlıurfa,1985753,1792937570
Kayseri,38.7225,35.4875,Turkey,TR,TUR,Kayseri,1389680,1792945815
Antalya,36.8874,30.7075,Turkey,TR,TUR,Antalya,2426356,1792988434
Ashgabat,37.95,58.3833,Turkmenistan,TM,TKM,Aşgabat,828100,1795049992
Grand Turk,21.4664,-71.136,Turks and Caicos Islands,TC,TCA,"",5801,1796965313
Funafuti,-8.5167,179.2,Tuvalu,TV,TUV,Funafuti,6025,1798251391
Kampala,0.3136,32.5811,Uganda,UG,UGA,Kampala,1680600,1800406299
Odesa,46.4775,30.7326,Ukraine,UA,UKR,Odeska Oblast,1017699,1804178102
Kyiv,50.45,30.5233,Ukraine,UA,UKR,"Kyiv, Misto",2963199,1804382913
Kharkiv,49.9925,36.2311,Ukraine,UA,UKR,Kharkivska Oblast,1446107,1804588111
Skopje,41.9961,21.4317,Macedonia,MK,MKD,Skopje,640000,1807600615
Cairo,30.0444,31.2358,Egypt,EG,EGY,Al Qāhirah,20296000,1818253931
Alexandria,31.1975,29.8925,Egypt,EG,EGY,Al Iskandarīyah,4870000,1818695837
Shubrā al Khaymah,30.1286,31.2422,Egypt,EG,EGY,Al Qalyūbīyah,1025569,1818909612
Giza,29.987,31.2118,Egypt,EG,EGY,Al Jīzah,5598402,1818925479
Manchester,53.4794,-2.2453,United Kingdom,GB,GBR,Manchester,2705000,1826246335
Birmingham,52.48,-1.9025,United Kingdom,GB,GBR,Birmingham,2919600,1826423213
London,51.5072,-0.1275,United Kingdom,GB,GBR,"London, City of",11262000,1826645935
Saint Helier,49.1858,-2.11,Jersey,JE,JEY,"",33522,1832490253
Douglas,54.145,-4.482,Isle Of Man,IM,IMN,"",27938,1833688345
Dodoma,-6.1731,35.7419,Tanzania,TZ,TZA,Dodoma,213636,1834288497
Dar es Salaam,-6.8161,39.2803,Tanzania,TZ,TZA,Dar es Salaam,7962000,1834843853
Buffalo,42.9018,-78.8487,United States,US,USA,New York,1004655,1840000386
Boston,42.3188,-71.0852,United States,US,USA,Massachusetts,4208580,1840000455
Chicago,41.8375,-87.6866,United States,US,USA,Illinois,8595181,1840000494
Cleveland,41.4764,-81.6805,United States,US,USA,Ohio,1683059,1840000596
Philadelphia,40.0077,-75.1339,United States,US,USA,Pennsylvania,5512873,1840000673
Pittsburgh,40.4397,-79.9763,United States,US,USA,Pennsylvania,1720279,1840001254
Baltimore,39.3051,-76.6144,United States,US,USA,Maryland,2205092,1840001592
St. Louis,38.6359,-90.2451,United States,US,USA,Missouri,2092481,1840001651
Richmond,37.5295,-77.4756,United States,US,USA,Virginia,1008069,1840001698
Milwaukee,43.0642,-87.9675,United States,US,USA,Wisconsin,1340981,1840003046
Providence,41.823,-71.4187,United States,US,USA,Rhode Island,1270149,1840003289
Columbus,39.9862,-82.9855,United States,US,USA,Ohio,1556848,1840003760
Cincinnati,39.1413,-84.506,United States,US,USA,Ohio,1712287,1840003814
Virginia Beach,36.7335,-76.0435,United States,US,USA,Virginia,1500764,1840003871
Detroit,42.3834,-83.1024,United States,US,USA,Michigan,3522856,1840003971
Washington,38.9047,-77.0163,United States,US,USA,District of Columbia,4810669,1840006060
Minneapolis,44.9635,-93.2678,United States,US,USA,Minnesota,2856952,1840007830
Kansas City,39.1238,-94.5541,United States,US,USA,Missouri,1644497,1840008535
Atlanta,33.7628,-84.422,United States,US,USA,Georgia,5046555,1840013660
Raleigh,35.8324,-78.6429,United States,US,USA,North Carolina,1062018,1840014497
Charlotte,35.2083,-80.8303,United States,US,USA,North Carolina,1516107,1840014557
Jacksonville,30.3322,-81.6749,United States,US,USA,Florida,1220191,1840015031
Orlando,28.4773,-81.337,United States,US,USA,Florida,1927699,1840015099
Miami,25.784,-80.2101,United States,US,USA,Florida,5711945,1840015149
Memphis,35.1087,-89.9663,United States,US,USA,Tennessee,1034498,1840015457
Tampa,27.9945,-82.4447,United States,US,USA,Florida,2683956,1840015982
Denver,39.762,-104.876,United States,US,USA,Colorado,2650725,1840018789
Dallas,32.7935,-96.7667,United States,US,USA,Texas,5668165,1840019440
Austin,30.3005,-97.7522,United States,US,USA,Texas,1659251,1840019590
Portland,45.5371,-122.65,United States,US,USA,Oregon,2036875,1840019941
Las Vegas,36.2333,-115.265,United States,US,USA,Nevada,2150373,1840020364
Los Angeles,34.1141,-118.407,United States,US,USA,California,12121244,1840020491
Riverside,33.9381,-117.395,United States,US,USA,California,2022285,1840020551
Phoenix,33.5722,-112.089,United States,US,USA,Arizona,4047095,1840020568
Houston,29.786,-95.3885,United States,US,USA,Texas,5650910,1840020925
Seattle,47.6211,-122.324,United States,US,USA,Washington,3438221,1840021117
Salt Lake City,40.7776,-111.931,United States,US,USA,Utah,1135344,1840021383
Sacramento,38.5677,-121.468,United States,US,USA,California,1924167,1840021491
San Francisco,37.7558,-122.445,United States,US,USA,California,3290197,1840021543
San Jose,37.3012,-121.848,United States,US,USA,California,1729879,1840021570
San Diego,32.8313,-117.122,United States,US,USA,California,3084174,1840021990
San Antonio,29.4632,-98.5238,United States,US,USA,Texas,1910785,1840022220
Indianapolis,39.7771,-86.1458,United States,US,USA,Indiana,1659305,1840030084
Louisville,38.1663,-85.6485,United States,US,USA,Kentucky,1022630,1840030815
Bronx,40.8501,-73.8662,United States,US,USA,New York,1472654,1840033999
Manhattan,40.7834,-73.9662,United States,US,USA,New York,1694263,1840034000
Queens,40.7498,-73.7976,United States,US,USA,New York,2405464,1840034002
New York,40.6943,-73.9249,United States,US,USA,New York,18972871,1840034016
Brooklyn,40.6501,-73.9496,United States,US,USA,New York,2736074,1840034030
Nashville,36.1715,-86.7842,United States,US,USA,Tennessee,1098486,1840036155
Ouagadougou,12.3686,-1.5275,Burkina Faso,BF,BFA,Centre,2453496,1854029208
Montevideo,-34.8836,-56.1819,Uruguay,UY,URY,Montevideo,1719453,1858107000
Tashkent,41.3111,69.2797,Uzbekistan,UZ,UZB,Toshkent,2571668,1860331871
Maracaibo,10.6333,-71.6333,Venezuela,VE,VEN,Zulia,2658355,1862072711
Valencia,10.1667,-68.0,Venezuela,VE,VEN,Carabobo,1484430,1862309871
Caracas,10.4806,-66.9036,Venezuela,VE,VEN,Distrito Capital,2245744,1862748204
Barquisimeto,10.0678,-69.3467,Venezuela,VE,VEN,Lara,1059092,1862860739
Apia,-13.8333,-171.75,Samoa,WS,WSM,Tuamasaga,37708,1882489296
Sanaa,15.3483,44.2064,Yemen,YE,YEM,Amānat al ‘Āşimah,2957000,1887750814
Lusaka,-15.4167,28.2833,Zambia,ZM,ZMB,Lusaka,2467563,1894157390
Pristina,42.6633,21.1622,Kosovo,XK,XKS,Prishtinë,161751,1901760068
Gaza,31.5069,34.456,Gaza Strip,XG,XGZ,"",590481,1916116052
